{"cameraMode":{"drawMode":0,"name":"Shaded","section":"Shading Mode"},"sceneLighting":true,"audioPlay":false,"sceneViewState":{"m_AlwaysRefresh":true,"showFog":true,"showSkybox":true,"showFlares":true,"showImageEffects":true,"showParticleSystems":true,"showVisualEffectGraphs":true,"m_FxEnabled":true},"in2DMode":false,"pivot":{"x":2.3667733669281008,"y":2.07820987701416,"z":-1.1489850282669068},"rotation":{"x":-0.15264911949634553,"y":0.13943704962730409,"z":-0.021760469302535058,"w":-0.978153645992279},"size":0.9311978816986084,"orthographic":false}