{"cameraMode":{"drawMode":0,"name":"Shaded","section":"Shading Mode"},"sceneLighting":false,"audioPlay":false,"sceneViewState":{"m_AlwaysRefresh":true,"showFog":true,"showSkybox":false,"showFlares":true,"showImageEffects":true,"showParticleSystems":true,"showVisualEffectGraphs":true,"m_FxEnabled":true},"in2DMode":false,"pivot":{"x":1.4600000381469727,"y":1.6200000047683716,"z":-0.35359227657318118},"rotation":{"x":-0.39512982964515688,"y":0.04875750467181206,"z":-0.020964259281754495,"w":-0.9171057343482971},"size":0.7434290051460266,"orthographic":false}